experiment_name,clips_evaluated,mean_primary_delta,median_primary_delta,mean_estimated_roi_kbps,mean_budget_utilization,mean_jaccard_vs_baseline,mean_keep_ratio,mean_roi_kept_frames
fixed_baseline,12,0.0,0.0,96.34363915053767,0.6422909276702511,1.0,0.30517352215595017,271.3333333333333
v2_motion_uncertainty,12,0.03548398409259843,0.002472745466568893,126.33231462520094,0.8422154308346729,0.34257689186902973,0.5571327681286974,471.5
v3_motion_uncertainty_amt,12,0.1473740515575591,0.08081424168099727,126.35432368934947,0.8423621579289965,0.3104142393118522,0.5541741178194831,469.1666666666667
v4_segment_dp_amt,12,0.17647769334034988,0.10030294422704439,107.51571918748198,0.7167714612498798,0.4900725732708749,0.4429519591466023,393.4166666666667
